iter	Accuracy	Logloss
0	0.9095714286	0.4968503086
1	0.9978571429	0.3230614965
2	0.997	0.2242689575
3	0.9975714286	0.1783457396
4	0.9981428571	0.1229574865
5	0.9985714286	0.08698252776
6	0.9984285714	0.0652322309
7	0.9987142857	0.05242311824
8	0.9987142857	0.04077744591
9	0.9985714286	0.03336602429
10	0.999	0.02678463456
11	0.999	0.02653956177
12	0.999	0.02207058534
13	0.999	0.02199485347
14	0.999	0.02021850248
15	0.999	0.01968265725
16	0.9988571429	0.0185236964
17	0.999	0.01828107044
